{"2023-3-8": {"\u603b\u8ba1\u65f6": 3.1497669219970703, "\u5b66\u4e60": 1.1526515483856201, "\u5de5\u4f5c": 0.9419999122619629, "\u6478\u9c7c": 1.0561165809631348, "\u73a9": 0}}